{
    "F2": 0.2463027284444153,
    "PR-AUC": 0.15906836364417049,
    "confusion_matrix": [
        [
            1301434,
            8454
        ],
        [
            6512,
            2255
        ]
    ],
    "classification_report": {
        "False": {
            "precision": 0.9950212011810885,
            "recall": 0.9935460130942493,
            "f1-score": 0.9942830599648411,
            "support": 1309888.0
        },
        "True": {
            "precision": 0.21057054813708095,
            "recall": 0.2572145545796738,
            "f1-score": 0.23156705689053195,
            "support": 8767.0
        },
        "accuracy": 0.9886505568173631,
        "macro avg": {
            "precision": 0.6027958746590847,
            "recall": 0.6253802838369615,
            "f1-score": 0.6129250584276865,
            "support": 1318655.0
        },
        "weighted avg": {
            "precision": 0.9898058272771965,
            "recall": 0.9886505568173631,
            "f1-score": 0.9892121875994746,
            "support": 1318655.0
        }
    }
}