{
    "F2": 0.0,
    "PR-AUC": 0.012805312193739555,
    "confusion_matrix": [
        [
            1309888,
            0
        ],
        [
            8767,
            0
        ]
    ],
    "classification_report": {
        "False": {
            "precision": 0.9933515589748645,
            "recall": 1.0,
            "f1-score": 0.9966646921887905,
            "support": 1309888.0
        },
        "True": {
            "precision": 0.0,
            "recall": 0.0,
            "f1-score": 0.0,
            "support": 8767.0
        },
        "accuracy": 0.9933515589748645,
        "macro avg": {
            "precision": 0.49667577948743225,
            "recall": 0.5,
            "f1-score": 0.49833234609439525,
            "support": 1318655.0
        },
        "weighted avg": {
            "precision": 0.9867473197177937,
            "recall": 0.9933515589748645,
            "f1-score": 0.9900384257609386,
            "support": 1318655.0
        }
    }
}