{
    "F2": 0.08103686713664114,
    "PR-AUC": 0.028371933937203695,
    "confusion_matrix": [
        [
            1286623,
            23265
        ],
        [
            7806,
            961
        ]
    ],
    "classification_report": {
        "False": {
            "precision": 0.9939695417825157,
            "recall": 0.9822389395123858,
            "f1-score": 0.9880694247282493,
            "support": 1309888.0
        },
        "True": {
            "precision": 0.03966812515479237,
            "recall": 0.10961560396943082,
            "f1-score": 0.058254781317249114,
            "support": 8767.0
        },
        "accuracy": 0.9764373547288715,
        "macro avg": {
            "precision": 0.5168188334686541,
            "recall": 0.5459272717409083,
            "f1-score": 0.5231621030227492,
            "support": 1318655.0
        },
        "weighted avg": {
            "precision": 0.9876249250938631,
            "recall": 0.9764373547288715,
            "f1-score": 0.9818876069072239,
            "support": 1318655.0
        }
    }
}